id,activity_date,date_sort,company,city,job_title,activity_type,job_url,contact_name,contact_title,contacted_date,current_status,outcome_date,interview_count,interview_details,outcome,route_reason,notes,interview_steps,sector_group,industry_sector,employee_band,employee_estimate,contact_email,data_updated_sort
55,22 Jul 2026,2026-07-22,PulPac,Gothenburg,International business development approach,Speculative Outreach,,Sanna Fager,Chief Commercial Officer,22 Jul 2026,No Current Opportunity,17 Aug 2026,0,,"CCO Sanna Fager confirmed PulPac has no open position matching Andrew's profile at present, despite the company continuing to grow.",No advertised role. Direct speculative email with tailored CV.,Email sent 22 July 2026 to Sanna Fager. Personal reply received 17 August 2026: PulPac has no immediate opportunity matching Andrew's profile; Sanna wished him well and said she hoped their paths cross in future. Andrew sent a brief acknowledgement on 24 August 2026.,,,,,,,
71,27 Jul 2026,2026-07-27,LumenRadio,Gothenburg,International sales and business development approach,Speculative Outreach,,Hans Larsson,CEO,27 Jul 2026,No Current Opportunity,20 Aug 2026,0,,CEO Hans Larsson confirmed LumenRadio has no open positions in the direction Andrew is seeking and directed him to its careers page and connect option.,No advertised role. Direct speculative email.,"Initial email was sent to Peter Andersson, who replied that he had left LumenRadio. A new email was then sent directly to CEO Hans Larsson with Andrew_Langmaid_LumenRadio.pdf attached. Subject: Andrew Langmaid. Hans replied on 20 August 2026 that there were no suitable open positions and pointed Andrew to LumenRadio's careers page/connect option. Andrew sent a brief acknowledgement on 24 August 2026.",,,,,,,
86,27 Aug 2026,2026-08-27,Palats,Gothenburg,International business development approach,Speculative Outreach,,Per,,27 Aug 2026,Awaiting Response,,0,,,No advertised role. Direct speculative follow-up.,Initial speculative email sent 28 July 2026 to CEO Henrik Olausson with Andrew_Langmaid_Palats.pdf attached. On 12 August Henrik said Palats expected to recruit a Sales Manager / Head of Sales and invited Andrew to contact the new colleague Per after he had settled in. Andrew replied 17 August confirming his interest. Follow-up email sent 27 August 2026 to Per at per@palats.io with Andrew_Langmaid_Palats.pdf attached. Subject: Andrew Langmaid. Gmail checked 3 September 2026: no reply from Per yet.,,Energy & Climate,Circular-economy software,11 to 50,About 30,per@palats.io,
153,28 Jul 2026,2026-07-28,Stille,Torshälla,International sales and business development approach,Speculative Outreach,,Ulrik Berthelsen; Louise Cavalli,CEO; HR Manager,28 Jul 2026,No Current Opportunity,24 Aug 2026,0,,HR Manager Louise Cavalli confirmed there are no current positions matching Andrew's profile and asked permission to retain his contact details for a future suitable opportunity.,No advertised role. Direct speculative email.,"Email sent 28 July 2026 to Ulrik Berthelsen with Andrew_Langmaid_Stille.pdf attached. Subject: Andrew Langmaid. HR Manager Louise Cavalli replied on 24 August 2026, confirmed there was no current matching vacancy and asked permission to retain Andrew's details. Andrew replied the same day granting permission and welcoming future contact.",,,,,,,
245,10 Aug 2026,2026-08-10,TengTools,Jonsered,International sales and business development approach,Speculative Outreach,,Stian Strøm,CEO,10 Aug 2026,Active,,1,Interview #1 / exploratory lunch scheduled for Wednesday 26 August 2026 at 12:00 in Jonsered with CEO Stian Strøm.,,No advertised role. Direct speculative email.,Email sent 10 August 2026 to Stian Strøm at stian.strom@tengtools.com with Andrew_Langmaid_TengTools.pdf attached. Subject: Andrew Langmaid. On 12 August Stian said there were no current openings and questioned the fit because TengTools works through a small distributor network and focuses on customised tool-control solutions for a limited number of large customers. He nevertheless offered an exploratory lunch. Andrew accepted the discussion on 17 August. On 19 August Stian offered 12:00 lunch slots in Jonsered on 26-28 August or 2-4 September. Andrew sent his acceptance on 24 August for Wednesday 26 August at 12:00.,12 Aug 2026|CEO OFFERED EXPLORATORY LUNCH;17 Aug 2026|ANDREW ACCEPTED LUNCH DISCUSSION;19 Aug 2026|12:00 LUNCH DATES PROPOSED - 26-28 AUG OR 2-4 SEP;24 Aug 2026|WED 26 AUG AT 12:00 ACCEPTED;26 Aug 2026|INTERVIEW #1 SCHEDULED - EXPLORATORY LUNCH WITH STIAN,,,,,,
264,11 Aug 2026,2026-08-11,Aarke,Sweden,International sales and business development approach,Speculative Outreach,,Anders Erikson,,11 Aug 2026,No Current Opportunity,21 Aug 2026,0,,"Anders Erikson said Aarke has no open positions currently but described Andrew's profile as interesting, said the company will review its growth plan and organisation this autumn, and copied Chief People Officer Anna Korling and Head of Retail & Wholesale Emmy Fernow because Andrew's profile would sit in their area.",No advertised role. Direct speculative email.,"Email sent 11 August 2026 to Anders Erikson at anders@aarke.com with Andrew_Langmaid_Aarke.pdf attached. Subject: Andrew Langmaid. Personal reply received 21 August 2026: no opening now, but Andrew's profile was described as interesting; Anna Korling and Emmy Fernow were copied into the thread for future organisational planning. Andrew sent a brief acknowledgement on 24 August 2026.",,,,,,,
282,3 Sep 2026,2026-09-03,QleanAir,Stockholm,International sales and business development approach,Speculative Outreach,,Sebastian Lindström,,3 Sep 2026,Awaiting Response,,0,,,No advertised role. Direct speculative email.,"Original outreach was sent 12 August 2026 to Sofie Lundgren. Sofie replied personally on 13 August, praised Andrew's experience and asked about Sweden location and Swedish fluency; Andrew replied 17 August truthfully that his Swedish is basic and that he remained interested where fluency is not a hard requirement. A further direct speculative email was sent 3 September 2026 to Sebastian Lindström at sebastian.lindstrom@qleanair.com with Andrew_Langmaid_QleanAir.pdf attached. Subject: Andrew Langmaid. No substantive response to the 3 September email is recorded yet.",,Industrial & Safety,Clean-air systems,,,sebastian.lindstrom@qleanair.com,
298,17 Aug 2026,2026-08-17,Stora Enso,Jönköping / Sweden,International sales and business development approach,Speculative Outreach,,Daniel Örengård,Head of Commercial Corrugated Sweden,17 Aug 2026,No Current Opportunity,17 Aug 2026,0,,Daniel Örengård confirmed Stora Enso is not currently adding colleagues to the team and will retain Andrew's CV if that changes.,No advertised role. Direct speculative email after Österbergs Förpackningsmaskiner explained that its sales and marketing are handled through Stora Enso and VPK Group.,"Email sent 17 August 2026 to Daniel Örengård at daniel.orengard@storaenso.com with Andrew_Langmaid_Stora_Enso.pdf attached. Subject: Andrew Langmaid. Personal reply received the same day from Daniel Örengård, Head of Commercial Corrugated Sweden, Business Area Northern Europe: no current hiring; CV retained if the situation changes. Andrew sent a brief acknowledgement on 24 August 2026.",,,,,,,
299,24 Aug 2026,2026-08-24,beqom,Sweden / Remote,Account Executive - UK/Nordics,Open Role Application,https://beqom.bamboohr.com/careers/423,,,,Active,,0,,,Applied through beqom's official BambooHR recruitment site.,"Application submitted 24 August 2026 with tailored CV and cover letter. Original assessment: Tier B - 84/100. Strong fit to full-cycle enterprise new-business selling across UK/Nordics, C-level engagement, complex multi-stakeholder sales and pipeline ownership. Main bridgeable concern: vacancy asks for 3+ years of quota-carrying enterprise SaaS experience; Andrew has substantial B2B technology/SaaS and target-carrying experience but the exact duration/wording is not cleanly evidenced in the master CV. Prior speculative outreach: none found.",,,,,,,
300,24 Aug 2026,2026-08-24,IN Groupe,Stockholm / Hybrid,Business Development Manager (Nordics),Open Role Application,https://careers.ingroupe.com/jobs/8142030-business-development-manager-nordics,,,,Application Closed,16 Sep 2026,0,,IN Groupe reviewed the application and continued with candidates whose skills and experience more closely matched the role requirements.,Applied through IN Groupe's official careers site.,Application submitted online 24 August 2026 with tailored CV and cover letter. IN Groupe rejection received 16 September 2026 from Elyssa Chaffai via Teamtailor; the company said other candidates more closely matched the role and encouraged future applications.,,,,,,,2026-09-16
301,24 Aug 2026,2026-08-24,Wallmek,Kungälv,International sales and business development approach,Speculative Outreach,,Gerald Riessland,Export Manager,24 Aug 2026,Awaiting Response,,0,,,No advertised role. Direct speculative email.,Email sent 24 August 2026 to Gerald Riessland at gerald.riessland@wallmek.se with Andrew_Langmaid_Wallmek.pdf attached. Subject: Andrew Langmaid.,,Industrial & Safety,Automotive workshop tools and special tooling,11 to 50,About 30,gerald.riessland@wallmek.se,
302,24 Aug 2026,2026-08-24,zendev,Gothenburg,International sales and business development approach,Speculative Outreach,,Nikola Mirković,Co-founder & Co-CEO,24 Aug 2026,Active,,1,"16 Sep 2026: one-hour informal coffee with Nikola Mirković, Co-founder & Co-CEO, at ZenDev in Gothenburg.",,No advertised role. Direct speculative email.,"Email sent 24 August 2026 to Nikola Mirković at nikola@zendev.se with Andrew_Langmaid_zendev.pdf attached. Nikola replied 8 September that the timing was good, Andrew's background could be a match, and ZenDev planned to expand its growth team in Q4 or Q1 2027. He invited Andrew for coffee. The one-hour coffee took place 16 September 2026 at 14:15. Andrew followed up the same day. Nikola replied 18 September that it had been a good conversation, welcomed Andrew's ideas for growth routes beyond LinkedIn, and invited him to visit the office again or meet online. Conversation remains active.",8 Sep 2026|COFFEE INVITATION - POSSIBLE MATCH;16 Sep 2026|ONE-HOUR COFFEE WITH NIKOLA;18 Sep 2026|WARM FOLLOW-UP - FURTHER IDEAS WELCOME,Technology & SaaS,Enterprise software development and nearshore technology services,51 to 200,About 100+,nikola@zendev.se,2026-09-18
303,24 Aug 2026,2026-08-24,Weissr,Gothenburg,Global Account Executive,Open Role Application,https://www.headagent.se/lediga-jobb/4914-global-account-executive/,William Hagberg,Partner Talent Acquisition,24 Aug 2026,Active,,0,,,Application submitted 24 August 2026 for the live Global Account Executive vacancy.,Applied through Head Agent for Weissr's live Global Account Executive role.,"Application submitted 24 August 2026 with Andrew_Langmaid_Weissr.pdf and revised Andrew_Langmaid_Weissr_Cover_Letter.pdf. Assessment: Tier B - 84/100 after full product and V3 operating-model reassessment. Weissr Capex is a strategic enterprise platform for Capex Strategy, Capital Budgeting and Capex Management, sold into large capital-intensive organisations. Role is global, full-cycle and newly created with no predefined playbook: build own enterprise pipeline from scratch, engage CFO and senior operational stakeholders, shape go-to-market and close complex long-cycle deals. Capex-industry experience is a strong plus rather than mandatory. CRM discipline, Monterro ownership and 5x ARR ambition remain interview-stage culture questions, but current evidence does not establish the broader intrusive activity-monitoring pattern required by the V3 Step 5 gate.",,Technology & SaaS,Capex strategy and management software,11 to 50,About 20+,
304,24 Aug 2026,2026-08-24,Nordic Water Products,Mölndal,International sales and business development approach,Prospective Target,,Peter Widén,Head of Treatment Sales Sweden,,Not Pursued,24 Aug 2026,0,,Withheld due specialist technical and Swedish-language requirements.,Source company reviewed; not pursued.,"International water-treatment business with sufficient scale, but current and recent commercial roles repeatedly require mechanical or water-treatment process expertise and good Swedish plus English. This is a hard fit problem under the speculative-outreach rules.",,Industrial & Safety,Water treatment equipment and systems,51 to 200,About 124-167,peter.widen@sulzer.com,
305,24 Aug 2026,2026-08-24,MagiCAD Group,Gothenburg,International sales and business development approach,Speculative Outreach,,Samuel Lyredal,Managing Director / VD,24 Aug 2026,Awaiting Response,,0,,,No advertised role. Direct speculative email.,Email sent 24 August 2026 to Samuel Lyredal at samuel.lyredal@magicad.com with Andrew_Langmaid_MagiCAD.pdf attached. Subject: Andrew Langmaid. Gmail checked 3 September 2026: no reply from Samuel and no competing sent/draft/scheduled copy found.,,Technology & SaaS,MEP and BIM design software,11 to 50,About 20,samuel.lyredal@magicad.com,
306,31 Aug 2026,2026-08-31,Furhat Robotics,Stockholm / On-site,Sales Lead - Social Robotics,Open Role Application,https://emp.jobylon.com/applications/jobs/377688/create/,,,,Active,,0,,,Applied through Furhat Robotics' official Jobylon application form.,"Application submitted online 31 August 2026 with tailored CV and revised cover letter. Original assessment after deeper review: Tier A - 94/100. Strong fit to full-cycle B2B technology sales, complex consultative discovery, demonstrations, proposals, negotiation and close, with international customer scope and commercial autonomy. Robotics/AI sector experience is preferred rather than mandatory; application form answers included 5+ years B2B sales, technical products/software, no claimed prior university/research/R&D-team selling, and eligibility to work in Sweden/EU.",,Technology & SaaS,Social robotics and conversational AI,51 to 200,About 50-100,,
307,31 Aug 2026,2026-08-31,Mira People,Stockholm / Hybrid,International Growth Manager - responsible for building our next markets,Open Role Application,https://jobs.mirapeople.com/jobs/8227602-internationell-tillvaxtansvarig-ansvara-for-att-bygga-vara-nasta-marknader,,,,Active,,0,,,Applied through Mira People's official careers site.,"Application submitted online 31 August 2026 with tailored CV and revised cover letter. Original assessment: Tier B - 84/100. Strong fit to international market building, B2B SaaS growth, segmentation, go-to-market execution and personally winning early business in new markets. Main bridgeable concern remains direct low-ticket SaaS experience; application screening answers positioned Andrew's broader B2B SaaS expansion experience truthfully without overstating classic low-ticket experience.",,Technology & SaaS,B2B SaaS / HR technology,11 to 50,About 20-50,,
308,31 Aug 2026,2026-08-31,Alegor Tech,Stockholm / Hybrid,Business Development Manager - Digital Solutions,Open Role Application,https://se.linkedin.com/jobs/view/business-development-manager-%E2%80%93-digital-solutions-at-alegor-tech-4457759329,,,,Active,,0,,,Applied through LinkedIn Easy Apply.,"Application submitted online 31 August 2026 with tailored CV and cover letter. Earlier advert review assessed the role as Tier B - 82/100 because the core work strongly matched full-cycle digital-solution selling: prospecting, discovery, demonstrations, tailored solutions, proposals, negotiation and implementation handover. LinkedIn screening later exposed a requirement to communicate professionally with customers in both Swedish and English. Andrew's Swedish is basic, so this is a material language risk and would normally block the role under the governing hard-gate rules. Andrew deliberately chose to submit anyway as a speculative application because the underlying role fit is strong and some applications should still test whether an employer will flex a stated requirement. Screening answers were kept truthful; no fluent Swedish claim was made.",,Technology & SaaS,Digital solutions / software development and integration,11 to 50,About 20-50,,
309,1 Sep 2026,2026-09-01,Green SM,Stockholm / Denmark remit,Head of B2B Offline Business,Open Role Application,https://se.linkedin.com/jobs/view/head-of-b2b-offline-business-at-gsm-green-sm-4456576289,,,,Active,,0,,,Applied online; application form did not allow a cover letter.,"Application submitted 1 September 2026 using the tailored CV; no cover-letter field was available. Original assessment: Tier B - 74/100. Role combines direct enterprise selling, ecosystem partnerships, subscriptions, ESG/mobility and value-added platform services, with a Denmark-focused commercial remit. Main concerns remain the unusual Stockholm/Denmark setup and lack of Danish, although Danish was preferred rather than mandatory in the reviewed advert.",,Mobility & Sustainability,EV / sustainable mobility platform,51 to 200,About 50-100,,
310,1 Sep 2026,2026-09-01,Proxify,Gothenburg / Sweden,Enterprise Account Executive,Open Role Application,https://www.linkedin.com/jobs/view/4449497391/,,,,Active,,0,,,Applied through LinkedIn auto-apply; CV only, no cover-letter step.,"Application submitted 1 September 2026 using the tailored Proxify CV. The application flow was standard auto-apply and did not allow a cover letter. Earlier assessment: provisional Tier B - 82/100. Strong fit to enterprise new-business acquisition, outbound prospecting, discovery, proposals, negotiation, closing, C-level engagement and sales-process building. Location remained somewhat ambiguous because the same underlying vacancy appeared across multiple Swedish locations, including Gothenburg-area postings; Andrew applied truthfully from the Gothenburg/Kungälv area without claiming Stockholm or Uppsala residence. Main non-location concern is the advert's quota/forecast/CRM language, although current evidence does not establish an intrusive activity-monitoring sales-machine model.",,Technology & SaaS,Enterprise tech staffing / developer services,51 to 200,About 100+,
311,2 Sep 2026,2026-09-02,House of Control,Stockholm / Hybrid,Senior Account Executive,Open Role Application,https://houseofcontrol.teamtailor.com/jobs/8298496-senior-account-executive-stockholm,Petter Wolden,Head of Sales,2 Sep 2026,Active,,0,,,Applied through House of Control's official Teamtailor application page.,"Application submitted 2 September 2026 using the corrected MASTER-layout tailored CV and pasted tailored cover letter. Original assessment after deep review: Tier B - 82/100. Strong fit to self-generated pipeline, consultative SaaS selling, full-cycle ownership from first contact to signed agreement, C-level/Heads of Legal experience and practical AI curiosity. Main concerns: commercial territory is not stated; Swedish language expectations are not explicitly stated but the advert is in Swedish; sales culture has some high-tempo/hunter signals but no evidence of intrusive activity policing. Prior speculative outreach: none found. Application documents preserve Andrew's locked MASTER visual template while final filenames do not include MASTER or TEMPLATE.",,Technology & SaaS,AI-native contract/compliance/vendor-risk SaaS,51 to 200,About 80-90,,
312,3 Sep 2026,2026-09-03,Lagercrantz Group,Stockholm,International sales and business development approach,Speculative Outreach,,Elisabet Alander,,3 Sep 2026,Awaiting Response,,0,,,No advertised role. Direct speculative email.,Email sent 3 September 2026 to Elisabet Alander at elisabet.alander@lagercrantz.com with Andrew_Langmaid_Lagercrantz_Group.pdf attached. Subject: Andrew Langmaid.,,Industrial & Safety,Diversified B2B technology group,,,elisabet.alander@lagercrantz.com,
313,3 Sep 2026,2026-09-03,Polygiene,Malmö,International sales and business development approach,Speculative Outreach,,Haymo Strubel,,3 Sep 2026,Awaiting Response,,0,,,No advertised role. Direct speculative email.,Email sent 3 September 2026 to Haymo Strubel at haymo.strubel@polygiene.com with Andrew_Langmaid_Polygiene.pdf attached. Subject: Andrew Langmaid.,,Industrial & Safety,Antimicrobial and odor-control materials technology,,,haymo.strubel@polygiene.com,
314,3 Sep 2026,2026-09-03,VBG Group,Trollhättan,International sales and business development approach,Speculative Outreach,,Anders Erkén,,3 Sep 2026,Awaiting Response,,0,,,No advertised role. Direct speculative email.,Email sent 3 September 2026 to Anders Erkén at anders.erken@vbggroup.com with Andrew_Langmaid_VBG_Group.pdf attached. Subject: Andrew Langmaid. Automatic out-of-office reply received the same day stating Anders is away until 7 September. This is not a substantive response; status remains Awaiting Response.,,Industrial & Safety,Commercial vehicle and industrial safety systems,,,anders.erken@vbggroup.com,
315,3 Sep 2026,2026-09-03,Nederman Group,Helsingborg,International sales and business development approach,Speculative Outreach,,Zacharias Fransson,,3 Sep 2026,Awaiting Response,,0,,,No advertised role. Direct speculative email.,Email sent 3 September 2026 to Zacharias Fransson at zacharias.fransson@nederman.se with Andrew_Langmaid_Nederman_Group.pdf attached. Subject: Andrew Langmaid.,,Industrial & Safety,Industrial air filtration and environmental technology,,,zacharias.fransson@nederman.se,
316,3 Sep 2026,2026-09-03,Lindab Group,Grevie,International sales and business development approach,Speculative Outreach,,Joakim Lönnberg,,3 Sep 2026,Awaiting Response,,0,,,No advertised role. Direct speculative email.,Email sent 3 September 2026 to Joakim Lönnberg at joakim.lonnberg@lindab.se with Andrew_Langmaid_Lindab_Group.pdf attached. Subject: Andrew Langmaid.,,Industrial & Safety,Ventilation and building systems,,,joakim.lonnberg@lindab.se,
317,3 Sep 2026,2026-09-03,Bufab Group,Värnamo,International sales and business development approach,Speculative Outreach,,Johan Sandberg,,3 Sep 2026,Awaiting Response,,0,,,No advertised role. Direct speculative email.,Email sent 3 September 2026 to Johan Sandberg at johan.sandberg@bufab.com with Andrew_Langmaid_Bufab_Group.pdf attached. Subject: Andrew Langmaid.,,Industrial & Safety,Industrial fasteners and C-parts supply,,,johan.sandberg@bufab.com,
318,3 Sep 2026,2026-09-03,Bergman & Beving,Stockholm,International sales and business development approach,Speculative Outreach,,Jan Lundmark,,3 Sep 2026,Awaiting Response,,0,,,No advertised role. Direct speculative email.,Email sent 3 September 2026 to Jan Lundmark at jan.lundmark@bb.se with Andrew_Langmaid_Bergman_Beving.pdf attached. Subject: Andrew Langmaid.,,Industrial & Safety,Niche industrial technology group,,,jan.lundmark@bb.se,
319,3 Sep 2026,2026-09-03,OrganoClick,Täby,International sales and business development approach,Speculative Outreach,,Mårten Hellberg,,3 Sep 2026,Awaiting Response,,0,,,No advertised role. Direct speculative email.,Email sent 3 September 2026 to Mårten Hellberg at marten.hellberg@organoclick.com with Andrew_Langmaid_OrganoClick.pdf attached. Subject: Andrew Langmaid.,,Energy & Climate,Green chemistry and sustainable materials,,,marten.hellberg@organoclick.com,
320,4 Sep 2026,2026-09-04,A-Antennas,Arboga / Gothenburg viable,Export Sales Manager,Open Role Application,https://www.wise.se/jobb/exportsaljare-a-antennas-malardalen-8271656/,,,,Active,,0,,,Applied through Wise's official application form.,"Application submitted online 4 September 2026 with Andrew_Langmaid_CV_A-Antennas.pdf and the approved concise role-specific cover letter. Original assessment: Tier A - 93/100. Strong fit to international B2B/export sales across Europe, self-generated new business, full-cycle ownership, new-market development and distributor/representative relationships. Main bridgeable gap: no direct RF/antenna industry background; technical/industrial sales and RF/IoT experience were preferred rather than mandatory. Application form answers were kept truthful, including answering no to direct technical sales to industrial customers. CV experiment record: control/normal MASTER CV structure used.",,Industrial & Safety,RF antennas / IoT and connectivity technology,1 to 10,About 5-10,,
321,4 Sep 2026,2026-09-04,Optimizely,Stockholm / Hybrid,Senior Partner Development Manager,Open Role Application,https://se.linkedin.com/jobs/view/senior-partner-development-manager-at-optimizely-4462852354/,,,,Active,,0,,,Applied online; Optimizely application confirmation received by email.,"Application submitted online 4 September 2026 for Senior Partner Development Manager. Gmail confirmation from Optimizely Talent Acquisition received the same day. Original assessment: Tier B - 72/100. Strong transferable fit to channel/distribution development, strategic relationships, international business development and commercial ownership. Main limitation: the role is weighted toward partner portfolio management and enablement, with approximately 30-40% of the portfolio expected to come from new partner acquisition, so it is less directly aligned to Andrew's preferred frontline full-cycle customer sale. CV experiment record: deliberately role-tailored B variant used while preserving MASTER visual structure.",,Technology & SaaS,MarTech / digital experience and experimentation platform,1001 to 5000,About 1600+,,
322,7 Sep 2026,2026-09-07,Nordic SeaFarm,Västra Götaland County / Hybrid,International Business & Sales Professional,Open Role Application,https://www.linkedin.com/jobs/view/4461085488/,Anna-Maria Engdahl,Recruiting Lead,,Active,,0,,,Applied through LinkedIn Easy Apply; LinkedIn confirmation email received.,"Application submitted 7 September 2026 via LinkedIn Easy Apply for Nordic SeaFarm via Engdahl Nordic AB. LinkedIn confirmation email received the same day. Original assessment: Tier B - 82/100. Strong fit to international full-cycle new business, pipeline building, long-cycle B2B selling, multi-stakeholder commercial development and closing across European/global markets. Main bridgeable gap: no direct ingredients/raw-materials or industrial-manufacturing customer background; the advert also accepts other knowledge-intensive products and does not require Swedish. LinkedIn Top Choice was selected during submission. Final review showed the tailored CV uploaded; no separate cover-letter upload was shown.",,Consumer & Retail,Sustainable seaweed ingredients / food ingredients,,,,
323,7 Sep 2026,2026-09-07,Axway,Kista / Stockholm,Senior Account Executive - Nordics,Open Role Application,https://careers-axway.icims.com/jobs/8730/account-executive/job,,,,Application Incomplete,14 Sep 2026,0,,Axway/74Software's iCIMS system reported that the application was incomplete. No later completion evidence was found through 21 September 2026.,Application process started through Axway's iCIMS careers site but not completed.,"Tracker correction made 21 September 2026. An iCIMS email received 14 September states that the application for Account Executive I was incomplete and provides a return link. No later completion confirmation was found through 21 September, so this must not be counted as a completed application.",,,Technology & SaaS,Enterprise integration / API management software,,,2026-09-21
324,11 Sep 2026,2026-09-11,Sysarb,Stockholm / Hybrid,Enterprise Client Executive,Open Role Application,https://jobs.sysarb.com/jobs/8328379-enterprise-client-executive,Timmy Lundin,Chief Commercial Officer,3 Aug 2026,Active,,0,,,Applied through Sysarb's official careers site.,"Application submitted 11 September 2026 with tailored CV and cover letter. Original V3 assessment: Tier B - 84/100. Strong fit to full-cycle European enterprise new-business selling, prospecting, discovery, demonstrations, proposals, negotiation and close, with complex multi-stakeholder SaaS sales and senior stakeholder engagement. Main bridgeable gap: no directly evidenced compensation/pay-equity/Total Rewards or CHRO-led buying-group experience; Sysarb states those areas as advantages rather than requirements. Prior speculative outreach: email sent 3 August 2026 to Timmy Lundin, Chief Commercial Officer, at timmy.lundin@sysarb.com; no substantive reply was found before application.",,Technology & SaaS,Pay-transparency SaaS / HR technology,,,timmy.lundin@sysarb.com,
325,11 Sep 2026,2026-09-11,Open Systems,Sweden / Nordics,Senior Sales Executive - Nordics,Open Role Application,,Rohit Chuahan,,,Application Closed,11 Sep 2026,0,,Open Systems selected candidates whose profiles more closely matched the requirements and did not progress the application.,Applied through Open Systems' BambooHR careers site.,"Application confirmation received 11 September 2026. Later the same day, Open Systems sent a rejection confirming that the application would not proceed.",,Technology & SaaS,Enterprise networking / cybersecurity services,,,,2026-09-11
326,18 Sep 2026,2026-09-18,Bazaro,Gothenburg,International sales and business development approach,Speculative Outreach,,Sam Shahgotbi,CEO,18 Sep 2026,Awaiting Response,,0,,,No advertised role. Direct speculative email.,Email sent 18 September 2026 to Sam Shahgotbi at sam@bazaro.io with Andrew_Langmaid_Bazaro.pdf attached. Subject: Andrew Langmaid.,,Technology & SaaS,Digital commerce / technology,,,sam@bazaro.io,2026-09-18
327,18 Sep 2026,2026-09-18,Midbec Tapeter,Mölnlycke,International sales and business development approach,Speculative Outreach,,Per Hellners Johnson,CEO,18 Sep 2026,No Current Opportunity,21 Sep 2026,0,,"CEO Per Hellners Johnson confirmed that Midbec is not hiring and felt the company is too small for Andrew, while describing the CV as impressive.",No advertised role. Direct speculative email.,Email sent 18 September 2026 to Per Hellners Johnson at per@midbec.se with Andrew_Langmaid_Midbec.pdf attached. Personal reply received 21 September 2026: Midbec is not hiring; Per said the company is too small for Andrew and described the CV as impressive.,,Consumer & Retail,Wallpaper and interior design,,,per@midbec.se,2026-09-21
328,18 Sep 2026,2026-09-18,Transportören AB,Gothenburg,International sales and business development approach,Speculative Outreach,,Erik Söderström,"Business Development, Marketing Director",18 Sep 2026,Awaiting Response,,0,,,No advertised role. Direct speculative email.,Email sent 18 September 2026 to Erik Söderström at erik.soderstrom@transportoren.se with Andrew_Langmaid_Transportoren.pdf attached. Subject: Andrew Langmaid.,,Transport & Logistics,Transport and logistics services,,,erik.soderstrom@transportoren.se,2026-09-18
329,18 Sep 2026,2026-09-18,Tapflo Sweden,Kungälv,International sales and business development approach,Speculative Outreach,,Patrik Johansson,,18 Sep 2026,Awaiting Response,,0,,,No advertised role. Direct speculative email.,Email sent 18 September 2026 to Patrik Johansson at patrik.johansson@tapflo.com with Andrew_Langmaid_Tapflo.pdf attached. Subject: Andrew Langmaid. The live send evidence supersedes the earlier audited recipient suggestion.,,Industrial & Safety,Industrial pumps and process equipment,,,patrik.johansson@tapflo.com,2026-09-18
330,18 Sep 2026,2026-09-18,LeadCaller,Gothenburg,International sales and business development approach,Speculative Outreach,,Jonas Wenzel,CEO / Founder,18 Sep 2026,Awaiting Response,,0,,,No advertised role. Direct speculative email.,Email sent 18 September 2026 to Jonas Wenzel at jonas@leadcaller.com with Andrew_Langmaid_LeadCaller.pdf attached. Subject: Andrew Langmaid.,,Technology & SaaS,Lead conversion and sales technology,,,jonas@leadcaller.com,2026-09-18
331,18 Sep 2026,2026-09-18,Norditek,Askim,International sales and business development approach,Speculative Outreach,,Daniel Carlberg,CEO / Managing Director,18 Sep 2026,Awaiting Response,,0,,,No advertised role. Direct speculative email.,Email sent 18 September 2026 to Daniel Carlberg at daniel.carlberg@norditek.se with Andrew_Langmaid_Norditek.pdf attached. Subject: Andrew Langmaid.,,Industrial & Safety,Recycling machinery and equipment,,,daniel.carlberg@norditek.se,2026-09-18
332,18 Sep 2026,2026-09-18,NAVTOR NAUTIC AB,Västra Frölunda,International sales and business development approach,Speculative Outreach,,Henrik Bergius,Managing Director,18 Sep 2026,No Current Opportunity,18 Sep 2026,0,,Henrik Bergius confirmed there are no open positions in Sweden. He forwarded Andrew's email to NAVTOR's HR team in Norway and said they will keep the details in mind for a suitable future opportunity.,No advertised role. Direct speculative email.,"Email sent 18 September 2026 to Henrik Bergius at henrik.bergius@navtor.com with Andrew_Langmaid_NAVTOR_Nautic.pdf attached. Henrik replied the same day, forwarded the approach to HR in Norway, confirmed no current Sweden opening and said Andrew's details would be retained for future opportunities.",,Transport & Logistics,Maritime navigation and performance technology,,,henrik.bergius@navtor.com,2026-09-18
333,18 Sep 2026,2026-09-18,Runway Safe,Gothenburg,International sales and business development approach,Speculative Outreach,,Johan Länsberg,CEO,18 Sep 2026,Awaiting Response,,0,,,No advertised role. Direct speculative email.,Email sent 18 September 2026 to Johan Länsberg at johan.lansberg@runwaysafe.com with Andrew_Langmaid_Runway_Safe.pdf attached. Subject: Andrew Langmaid.,,Transport & Logistics,Airport runway safety systems,,,johan.lansberg@runwaysafe.com,2026-09-18
334,18 Sep 2026,2026-09-18,Cerve,Gothenburg,International sales and business development approach,Speculative Outreach,,Dan Mazig,Founder & CEO,18 Sep 2026,Awaiting Response,,0,,,No advertised role. Direct speculative email.,Email sent 18 September 2026 to Dan Mazig at dan@cerve.com with Andrew_Langmaid_Cerve.pdf attached. Subject: Andrew Langmaid.,,Technology & SaaS,Food supply-chain technology,,,dan@cerve.com,2026-09-18
335,18 Sep 2026,2026-09-18,PS Finance Group,Gothenburg,International sales and business development approach,Speculative Outreach,,Eric Winter,Deputy CEO & Head of Sales,18 Sep 2026,Awaiting Response,,0,,,No advertised role. Direct speculative email.,Email sent 18 September 2026 to Eric Winter at eric.winter@psfinancegroup.com with Andrew_Langmaid_PS_Finance_Group.pdf attached. Subject: Andrew Langmaid.,,Financial Services,Credit management and financial services,,,eric.winter@psfinancegroup.com,2026-09-18
336,18 Sep 2026,2026-09-18,JC Kontakter,Gothenburg,International sales and business development approach,Speculative Outreach,,Johnny,,18 Sep 2026,Awaiting Response,,0,,,No advertised role. Direct speculative email.,Email sent 18 September 2026 to Johnny at johnny@jckontakter.se with Andrew_Langmaid_JC_Kontakter.pdf attached. Subject: Andrew Langmaid.,,Industrial & Safety,Accessibility switches and assistive hardware,,,johnny@jckontakter.se,2026-09-18
337,18 Sep 2026,2026-09-18,North Trampoline,Gothenburg,International sales and business development approach,Speculative Outreach,,Olle Göransson,,18 Sep 2026,Awaiting Response,,0,,,No advertised role. Direct speculative email.,Email sent 18 September 2026 to Olle Göransson at olle.goransson@northtrampoline.com with Andrew_Langmaid_North_Trampoline.pdf attached. Subject: Andrew Langmaid.,,Consumer & Retail,Premium sporting goods,,,olle.goransson@northtrampoline.com,2026-09-18
338,18 Sep 2026,2026-09-18,Pincho Nation,Gothenburg,International sales and business development approach,Speculative Outreach,,Henrik Fischer,Head of Expansion,18 Sep 2026,Awaiting Response,,0,,,No advertised role. Direct speculative email.,Email sent 18 September 2026 to Henrik Fischer at henrik.fischer@pinchonation.com with Andrew_Langmaid_Pincho_Nation.pdf attached. Subject: Andrew Langmaid.,,Consumer & Retail,Restaurant franchising and international expansion,,,henrik.fischer@pinchonation.com,2026-09-18
