company,location,status,current_recipient,exact_current_title,direct_email,history_check,live_role_check,fit_decision,notes,last_verified
Signifikant,Stockholm,NEW_READY,Karishma Rao,"VP, Sales and Marketing",karishma.rao@signifikant.se,"Exact Gmail address clear; no canonical GitHub company history found","No current suitable advertised sales role surfaced in current company search",PASS,"Swedish independent B2B software/consultancy serving global manufacturers; current official contact page publishes VP Sales and Marketing and direct email.",2026-10-07
Lämneå Bruk,Ljusfallshammar,CONDITIONAL_READY,Jonas Hagstedt,Owner & Director,jonas.hagstedt@lamnea.se,"Exact Gmail address clear; canonical history shows qualified but unsent","Current careers page accepts spontaneous applications; no conflicting commercial role surfaced",CONDITIONAL,"Owner-led export manufacturer with customers worldwide; technical wire-machinery depth is the residual risk.",2026-10-07
GARO,Gnosjö,HOLD,Tobias Byfeldt,CEO,tobias.byfeldt@garo.se,"Exact Gmail address clear","No suitable commercial vacancy surfaced in current check",HOLD_RESTRUCTURING,"Current CEO/title/email verified, but 2026 losses, restructuring and October product discontinuation make hiring/stability risk too material for the clean batch.",2026-10-07
Väderstad,Väderstad,HOLD,Mattias Hovnert,Senior Vice President Sales & Marketing,mattias.hovnert@vaderstad.com,"Exact Gmail address clear","Current careers route checked",HOLD_LARGE_TECHNICAL,"Title is exact and senior, but large global agricultural-machinery structure plus specialist product depth weakens speculative fit.",2026-10-07
Mobilaris Industrial Solutions,Luleå,HOLD,Hans Wahlquist,Chief Business Development Officer,hans.wahlquist@mobilaris.se,"Exact Gmail address clear","Current careers page shows engineering roles and spontaneous applications",HOLD_SPECIALIST_DOMAIN,"Current title/email verified, but mining/critical-infrastructure software relies heavily on deep domain credibility.",2026-10-07
Log Max,Grangärde,HOLD,Lars Strömsund,Head of Sales and Exports,lars.stromsund@logmax.com,"Exact Gmail address clear","Current careers page shows no conflicting sales role",HOLD_PARENT_TECHNICAL,"Current title/email verified; Komatsu ownership and forestry-machine specialization make it weaker than clean independent targets.",2026-10-07
Sunds Fibertech,Timrå,HOLD,Kenth Eklund,President,kenth.eklund@sundsfibertech.com,"Exact Gmail address clear for previously proposed Yves Michal; no send found","No conflicting suitable senior sales vacancy surfaced",HOLD_SPECIALIST_DOMAIN,"V7 hierarchy correction: Yves Michal is Head of Sales but current management identifies Kenth Eklund as President and current North America expansion material describes him as President Sales. Highly specialist panelboard/process machinery remains the bigger fit concern.",2026-10-07
Planacy,Stockholm,ADVERTISED_ROLE_ROUTE,Daniel Hilding,CCO,daniel@planacy.com,"Current title/email verified","Current careers page has Sales Executive and FP&A Solution Advisor openings",ROUTE_ADVERTISED,"Do not use speculative outreach while directly relevant sales vacancies are live.",2026-10-07
360Player,Stockholm,ALREADY_CONTACTED,Mats Kraitsik,Founder & CEO,mats@360player.com,"Canonical history and Gmail confirm outreach sent 2026-08-05 to Leo Usberg","No open positions now",DO_NOT_DUPLICATE,"V7 correction only: Leo was a regional/Nordic sales route; Mats is current Founder & CEO. Historical send remains untouched.",2026-10-07
Tapflo Sweden,Kungälv,ALREADY_CONTACTED,Per Antonsson,Chief Executive Officer - Tapflo Group,per.antonsson@tapflo.com,"Canonical history confirms outreach sent 2026-09-18 to Patrik Johansson","No suitable senior Sweden international role surfaced",DO_NOT_DUPLICATE,"V7 correction: Patrik Johansson is current Försäljningschef/Sales Manager; the stronger senior group route is Per Antonsson. No second send authorised.",2026-10-07
Transportören AB,Gothenburg,ALREADY_CONTACTED,Niclas Berndtson,CEO / Managing Director,niclas.berndtson@transportoren.se,"Canonical history confirms outreach sent 2026-09-18 to Erik Söderström","No suitable senior international role surfaced",DO_NOT_DUPLICATE,"V7 correction: Erik is current Business Development/Marketing Director, Maria Dahlqvist is Sales Director, and Niclas is CEO. No second send authorised.",2026-10-07
PacketFront Software,Stockholm,HOLD,Timo Kuusela,"VP Sales & Marketing",timo.kuusela@pfsw.com,"Exact Gmail address clear; no canonical GitHub company history found","No suitable current advertised commercial role surfaced",HOLD_SPECIALIST_TELECOM,"International software business with customers/operators in 20+ countries, but network orchestration/BSS/OSS/telecom infrastructure is specialist-domain sales under V7.",2026-10-07
Better Jusage / Råsaft,Skåne,HOLD,Karin Schenström,"Chief Commercial Officer",karin@betterjusage.se,"Exact Gmail address clear; no canonical GitHub company history found","No suitable current senior international commercial role surfaced",HOLD_INTERNATIONAL_SCOPE,"Current CCO/direct email verified. Strong sustainability/food proposition, but current commercial evidence is primarily Swedish and wider international sales scope is not yet strong enough.",2026-10-07
Nion,Stockholm / Gothenburg / Malmö,HOLD,Henrik Brusewitz,"VP Sales",henrik.brusewitz@nionit.com,"Exact Gmail address clear; no prior direct outreach found","Current careers include a Sales role (Utbildare - Account Manager inom IT) plus technical roles",HOLD_CONSULTING_MODEL,"Exact title/email verified. 200+ person multi-country IT consulting/services business, but core model is consultancy/team delivery rather than a product-led international full-cycle sales platform.",2026-10-07
Adven,Sweden / Nordics,HOLD,Mattias von Knorring,"VP Sales, Sweden, Denmark and Norway",mattias.vonknorring@adven.com,"Exact Gmail address clear; no direct company outreach found in current canonical check","Current company sales structure verified",HOLD_TECHNICAL_REGIONAL,"Exact current title/direct email verified; remit is regional Sweden/Denmark/Norway and proposition is technical industrial/energy solutions, so not promoted to clean send-ready.",2026-10-07
Litchi Foods,Skövde / Tibro,EXCLUDE,Dick Olsson,"Managing Director",dick@litchifoods.com,"No Gmail or canonical Job-Hunting history found","No suitable commercial vacancy surfaced",EXCLUDE_SMALL,"Excellent global export model and current VP Sales & Logistics exists, but Swedish company has only 1-4 employees; below the maturity/capacity threshold for Andrew's permanent senior role.",2026-10-07
Absortech International,Falkenberg,CONDITIONAL_READY,Peter Seif,"CEO",peter.seif@absortech.com,"No Gmail or canonical Job-Hunting history found","Current company careers welcomes proactive interest; no conflicting suitable advertised sales role surfaced",CONDITIONAL_SMALL_GLOBAL,"Strong global distribution/offices and highly profitable 2025 Swedish operation; CEO title/email verified by current company site. Only 16 Swedish employees keeps permanent senior-hire capacity as the residual risk.",2026-10-07
Signifikant,Stockholm,NEW_READY,MATTias Löfstrand,CEO,mattias.lofstrand@signifikant.se,"VP-targeted scheduled mail was removed by Andrew; old VP draft deleted after replacement QA","No current suitable advertised sales role surfaced",PASS,"V7 correction complete: current official contact page verifies Mattias Löfstrand as CEO with direct email. New CEO-addressed Gmail draft created and QA-verified with CID signature and CV attachment.",2026-10-08
Cinode,Stockholm,HOLD,Mark Kantor,CEO,mark.kantor@cinode.com,"No direct Gmail history to CEO; former VP Sales route invalidated under V7","Current careers page has no open sales role; open application only",HOLD_AI_DEFENSIBILITY,"Current official contact page verifies Mark Kantor as CEO and direct email. September 2026 leadership change explicitly accelerates AI/agent strategy; under V7 AI/product-defensibility rule this remains borderline rather than clean send-ready.",2026-10-08
Absortech International,Falkenberg,CONDITIONAL_READY,Peter Seif,CEO,peter.seif@absortech.com,"No Gmail or canonical Job-Hunting history found","Company careers explicitly welcomes proactive interest; no conflicting suitable advertised sales role surfaced",CONDITIONAL,"Current official leadership page verifies CEO and direct email. Strong global/cross-border physical-product proposition and growth; Swedish operating team remains compact, so senior-hire capacity is the residual risk.",2026-10-08
Clean Motion,Jonsered,HOLD,Ulf Rask,CEO,ulf.rask@cleanmotion.se,"No direct Gmail history found","Commercial team has recently been strengthened; no separate matching advertised role surfaced",HOLD_CAPACITY_STRUCTURE,"Current company releases verify Ulf Rask as CEO and direct email. European expansion is real, but the small listed company already added VP Sales & Marketing / commercial leadership, reducing evidence for another permanent senior commercial hire.",2026-10-08
Lämneå Bruk,Ljusfallshammar,CONDITIONAL_READY,Jonas Hagstedt,Owner & Director,jonas.hagstedt@lamnea.se,"Exact Gmail history remains clear","Current careers route checked",CONDITIONAL,"Current official team page verifies Owner & Director and direct email. V7 exception applies because he is functionally top executive; technical wire-machinery depth remains the residual fit risk.",2026-10-08
OEM International,Tranås,CONDITIONAL_READY,Jörgen Zahlin,Managing Director and Group CEO,jorgen.zahlin@oem.se,"Exact Gmail history remains clear","No conflicting suitable current senior commercial role surfaced in latest governed review",CONDITIONAL,"CEO route satisfies V7. Strong international consultative trading model, but decentralized operating-unit structure may limit relevance of a group-level speculative approach.",2026-10-08
NHC International,Timrå,ALREADY_CONTACTED,Niklas Nordlund,CEO,niklas.nordlund@nhc-sweden.com,"Live Gmail verifies sent 2026-10-05","Current structure verified",DO_NOT_DUPLICATE,"Current official contact page also lists COO/Country Manager Sweden Henrik Eriksson. Historical CEO send already exists; no duplicate.",2026-10-08
Löfbergs,Karlstad,CONTACT_BLOCKER,Anders Fredriksson,CEO,,"No company-specific outreach found in live Gmail","Current careers page shows no open positions",CONTACT_BLOCKER,"V7 correction: current company documents verify Anders Fredriksson as CEO. Direct professional CEO email is not publicly verified; do not fall back to CIBO/CCO or guess an address.",2026-10-08
Nilörn,Borås,NEW_READY_DRAFTED,Krister Magnusson,CEO,krister.magnusson@nilorn.com,"No relevant Gmail or canonical Job-Hunting outreach history found","Current careers show only Compliance Specialist Labelling plus open applications; no conflicting suitable sales role",PASS,"International B2B labelling/packaging group with worldwide offices and manufacturing. CEO/direct email verified from current company-controlled contact evidence. Gmail draft QA verified with correct company CV and inline CID signature.",2026-10-08
Antura,Gothenburg,NEW_READY_DRAFTED,Mattias Andersson,CEO,mattias.andersson@antura.se,"No Gmail or canonical Job-Hunting history found","Current careers focus on Product Development, Professional Services and Support; no conflicting suitable sales role surfaced",PASS,"70-person profitable Gothenburg-headquartered PPM software company with Copenhagen and London offices, 400+ implementations and strong enterprise customer base. Embedded workflow product passes current AI-defensibility check. CEO/direct email verified on current official contact page. Gmail draft QA verified with correct company CV and inline CID signature.",2026-10-08
Absortech International,Falkenberg,READY_DRAFTED,Peter Seif,CEO,peter.seif@absortech.com,"No Gmail or canonical Job-Hunting outreach history found","Current careers explicitly welcomes approaches; no conflicting suitable advertised sales role surfaced",PASS_AFTER_REVIEW,"Deeper current review confirms own offices in 8 countries, distribution network in 75 countries and worldwide partner coverage, materially reducing the earlier Swedish-headcount concern. CEO/direct email verified on current official leadership page. Gmail draft QA verified with correct company CV and inline CID signature.",2026-10-08
Ludvig Svensson,Kinna,CONTACT_BLOCKER,Anders Ludvigson,Owner and CEO,,"No prior direct outreach found in targeted review","No conflicting suitable current role surfaced",CONTACT_BLOCKER,"Excellent 130+ country sustainability/textile-climate B2B fit, but no sufficiently current direct CEO email has been verified. Historical address is not enough under V7.",2026-10-08
Embellence Group,Borås,CONTACT_BLOCKER,Johan Andgren,President and CEO,,"No prior direct outreach found in targeted review","No conflicting suitable current sales role surfaced",CONTACT_BLOCKER,"Strong international premium-interiors group and current strategy explicitly includes international expansion; only generic IR/company route surfaced, so V7 direct-email gate blocks drafting.",2026-10-08
Duni Group,Malmö,HOLD,Robert Dackeskog,President and CEO,robert.dackeskog@duni.com,"No relevant Gmail/canonical outreach history found","No matching current role surfaced",HOLD_LARGE,"Global 2,800-person group across 50+ markets; current CEO/direct email verified, but scale and structured multinational organisation create small-cog/autonomy risk relative to stronger mid-market speculative targets.",2026-10-08
Design House Stockholm,Stockholm,EXCLUDE,Hampus Färdig,CEO,,"No relevant current outreach established","No suitable sales role surfaced",EXCLUDE_SMALL_FINANCIAL,"Premium international-design fit is directionally attractive, but current operating company is about 20 employees and latest public financials show losses, below the capacity threshold for a permanent senior commercial hire.",2026-10-08
Kiviks Musteri,Kivik,SENT_VERIFIED,Thomas Jensen,CEO,thomas.jensen@kiviksmusteri.se,"Live Gmail verifies SENT message 1a12051e284a076c on 2026-10-09 at 13:00 Europe/Stockholm to the exact CEO address; canonical GitHub previously had only an older HOLD_NO_OPEN_APPLICATION decision","Current careers page shows no vacancies and discourages career-page spontaneous applications; this does not override direct speculative outreach under V4. New 2026 Business Sweden evidence confirms a strategic international expansion mandate.",PASS,"Fifth-generation family business with around EUR 80m turnover and 180 full-time employees. Business Sweden states Kiviks has made a strategic decision to scale internationally and is seeking long-term market partners. Current official site verifies Thomas Jensen as CEO and the direct address. Andrew manually sent the QA-verified outreach on 9 Oct; live Gmail confirms actual dispatch.",2026-10-09
Miljögården HB,Svedala,HOLD,Joakim Wihlborg,Owner / CEO,joakim@miljogarden.com,"Live Gmail exact-recipient/company history clear; no canonical GitHub Job-Hunting history found","Current careers page is recruiting an inside sales/customer-support role requiring Swedish plus another European language; no matching senior international role is advertised",HOLD_SMALL_CAPACITY,"Excellent premium interiors/wholesale/distributor fit, 3000+ resellers and export to 30+ countries across four continents. Official site verifies CEO and direct email. However current operating evidence shows only 10-19 employees and estimated 2024 revenue of SEK 20-50m, while the company describes a small close-knit team; too small for a confident permanent senior-hire assumption.",2026-10-09
Yangi,Varberg / Gothenburg region,HOLD,Johann Kaiser,CEO,,"No canonical GitHub or live Gmail outreach history found in current check","Current company growth is technology-led; no suitable senior commercial role surfaced",HOLD_SPECIALIST_TECHNICAL,"Global ambition and packaging-market potential are genuine, but the dry-forming materials/process platform is built around specialist engineering and scientific expertise. Under the technical-domain gate, product-sale credibility is too specialist for a clean speculative approach.",2026-10-09
Pluto Design,Västra Frölunda,HOLD,Björn Paul David Stille,CEO,,"No canonical GitHub or live Gmail outreach history found in current check","No matching senior international commercial vacancy surfaced",HOLD_SMALL_CAPACITY,"Premium design/licensing proposition with products represented in 40+ countries and strong 2025 profitability, but the operating company has only about seven employees and roughly SEK 39m revenue. Senior permanent-hire capacity is below the clean-send bar.",2026-10-09
Swedish Cable Trolleys,Sweden,HOLD,Johanna Lewin,CEO,johanna.lewin@cibes.se,"No canonical GitHub or live Gmail outreach history found in current check","No matching senior commercial vacancy surfaced",HOLD_MICRO_FINANCIAL_PARENT,"International distributors and export activity are real and the CEO direct email is published, but the operating company has around three employees, roughly SEK 12m revenue, a 2025 operating loss and parent-group ownership. Far below the permanent senior-hire capacity threshold.",2026-10-09
TruckStyle Sweden,Sweden,HOLD,Pär Åkerbäck,"CEO / Sales & Marketing / Co-owner",par@truckstylesweden.com,"No canonical GitHub or live Gmail outreach history found in current check","No matching senior commercial vacancy surfaced",HOLD_SMALL_SPECIALIST_AUTOMOTIVE,"Profitable company with European/Far East export evidence and direct CEO email, but only around 13 employees and a narrow truck-accessories/automotive proposition. Small scale plus specialist automotive fit keeps it below the clean-send bar.",2026-10-09
Jamida of Sweden,Sweden,HOLD,Karl Joakim Sohlberg,CEO,,"No canonical GitHub or live Gmail outreach history found in current check","No matching senior commercial vacancy surfaced",HOLD_MICRO_SCALE,"International distributor activity exists, but the operating company has only about one employee and roughly SEK 6.5m revenue. No credible permanent senior-hire capacity.",2026-10-09
Affari of Sweden,Osby,HOLD,Anna Jessica Kvarnström,CEO,,"No canonical GitHub or live Gmail outreach history found in current check","No matching senior commercial vacancy surfaced",HOLD_FINANCIAL_PARENT,"Home-interiors proposition and international potential are relevant, but current evidence shows about 15 employees, roughly SEK 64m revenue and an operating loss of around SEK 10m, with Stommen Group ownership. Financial/capacity risk is too high.",2026-10-09
Storefactory,Sweden,HOLD,Mats Christian Lindqvist,CEO,,"No canonical GitHub or live Gmail outreach history found in current check","No matching senior commercial vacancy surfaced",HOLD_SMALL_FINANCIAL,"Home-interiors import/export model is relevant, but the company has only around 13 employees, roughly SEK 33m 2025 revenue and a small loss after finance following a sharp revenue decline. Below clean-send capacity.",2026-10-09
Runway Safe,Gothenburg,HOLD,Johan Länsberg,CEO,johan.lansberg@runwaysafe.com,"No recent canonical/Gmail outreach found in current recheck; older queue had contact blocker","Current careers page shows no matching senior commercial vacancy",HOLD_SPECIALIST_TECHNICAL,"Global Gothenburg-headquartered runway-safety business with international partners and current CEO verified; exact CEO direct email is company-published historically. However airport infrastructure, aircraft arresting systems and regulatory/engineering requirements make the proposition materially specialist under the technical-domain gate.",2026-10-09
Liba Bröd,Gothenburg,NEW_READY_DRAFTED,Elias Fadel,CEO / VD,elias@liba.se,"Live Gmail exact-recipient/company history clear before drafting; no canonical GitHub Job-Hunting outreach history found","Current company careers route reviewed; no conflicting suitable senior international commercial vacancy surfaced",PASS,"Sixth-generation family-owned Gothenburg bakery with 51-200 employee scale, meaningful international presence and an explicit mission to change bread culture worldwide. Current company evidence identifies Elias Fadel as VD and company-controlled Café Liba publishes the exact direct address elias@liba.se. Strong premium food/wholesale/retail/private-label transferability and local location fit. Company-named CV rendered/QA-checked; Gmail draft reopened and verified DRAFT with correct PDF, HTML bullets and true inline CID signature.",2026-10-09
Signal & Andersson Charkuterifabrik AB,Gothenburg,CONDITIONAL_READY,Frederick Larsson,CEO,frederick.larsson@signal-andersson.com,"Targeted canonical GitHub and live Gmail checks found no prior company-specific job-hunting outreach","Current careers page shows no open vacancies",CONDITIONAL_THIN_MARGIN,"Fifth-generation Gothenburg family company with roughly 128 employees and about SEK 473m 2025 revenue. Current company material verifies customers in Sweden plus exports to several European countries and publishes the CEO direct email. Scale and local/international commercial fit are credible, but latest operating margin is under 1%, so financial headroom is materially weaker than Kiviks/Liba and the company is retained as conditional rather than drafted.",2026-10-09
Robetoy,Partille / Gothenburg,NEW_READY_DRAFTED,Robert Holmgren,CEO,robert.holmgren@robetoy.se,"Live Gmail exact-recipient checks across Drafts/Scheduled/Sent were clear before drafting; no canonical GitHub Job-Hunting outreach history found","Current company/careers review found no live suitable senior international commercial vacancy displacing speculative outreach",PASS,"Third-generation family-owned toy wholesaler founded in Gothenburg and now based in Partille. Current official site says 2,500+ products are supplied to about 2,000 retailers across Europe and sales reached 29 countries in 2024. Latest 2025 operating-company figures show about SEK 120m revenue, 28 employees and a 13.8-13.9% operating/profit margin. Current official contact page verifies Robert Holmgren as CEO and publishes the direct email. Company-named MASTER CV copy visually diff-checked with zero changed pages; Gmail draft reopened and verified DRAFT with correct PDF, HTML bullets/bold labels and true inline CID signature.",2026-10-09
Strömshaga,Alingsås / Gothenburg region,HOLD,John Björkman,CEO,john@stromshaga.se,"No canonical Job-Hunting outreach history found; live Gmail company-specific history clear apart from unrelated promotion","No matching suitable senior international commercial vacancy surfaced in current review",HOLD_SMALL_CAPACITY,"Family-owned home-interiors/wholesale business with international reseller activity and a direct CEO email. Latest operating evidence is only about 12 employees and roughly SEK 43m revenue; despite strong profitability, permanent senior-hire capacity is below the clean-send bar.",2026-10-09
Micki Leksaker,Gemla,HOLD,Carl Christian Jörgen Nilsson,CEO,,"No canonical Job-Hunting outreach history found in current check","No suitable senior international commercial vacancy established in current review",HOLD_FINANCIAL,"Swedish toy/product business has relevant retail/export characteristics, but latest public 2025 figures show about SEK 118m revenue, 41 employees and an operating loss of roughly SEK 5.6m, with a multi-year loss pattern. Financial headroom is too weak for clean speculative promotion.",2026-10-09
La Praline,Borås / Ulricehamn region,HOLD,Karl Henrik Johansson,CEO,,"No canonical Job-Hunting outreach history found; Gmail hits were unrelated","No suitable senior international commercial vacancy surfaced in current review",HOLD_PARENT_MICRO,"Confectionery/export proposition is attractive, but the operating company is now owned by Humble Group and current scale is only around six employees and roughly SEK 23m revenue. Parent structure plus micro operating scale fail the permanent senior-hire capacity test.",2026-10-09
