company,sent_date,sent_recipient,sent_email,verified_current_title,title_source,title_status,stronger_current_recipient,stronger_current_title,stronger_email,action
Senseair,2026-10-06,Mikael Åkerholm,mikael.akerholm@senseair.com,Head of Business Development,Current Senseair official sales/contact page,CORRECT_CURRENT_PERSON_BUT_NOT_STRONGEST,Per Nordin,Executive Sales Director,par.nordin@senseair.com,"Record corrected hierarchy for future contact; do not send a second message unless Andrew explicitly approves after duplicate/history review."
Triplesign,2026-10-05,Karen Koelma,karen@triplesign.com,Export Sales Director,Current Triplesign official team page,RECIPIENT_TOO_NARROW,Malika Svensson,Sales and Marketing Director,malika@triplesign.com,"Record stronger broad commercial route for future contact; do not resend automatically."
OPO Scandinavia,2026-10-06,Niklas Assarsson Widenäng,niklas.assarsson@opo.se,Commercial Director,Current OPO official contact page,PASS,,,,"Current senior commercial route is appropriate."
BCC AB,2026-10-06,Andreas Berner,andreas.berner@bccab.com,Sales Director,Current BCC official management/contact page,PASS,,,,"Current director-level commercial route is appropriate."
Gymleco,2026-10-06,Monica Sotkasiira,monica@gymleco.se,CEO & International Sales,Current Gymleco official contact/team page,PASS,,,,"Current senior commercial route is appropriate."
Hydroware,2026-10-06,Erik Paulsson,erik.paulsson@hydroware.se,Chief Commercial Officer,Current Hydroware official management/contact page,PASS,,,,"Current C-level commercial route is appropriate."
ExTe,2026-10-06,Per Olsson,per.olsson@exte.se,Sales Director,Current ExTe official contact page,PASS,,,,"Current director-level commercial route is appropriate."
Swede Ship Marine,2026-10-06,Patrik Davidsson,patrik.davidsson@swedeship.se,CEO / Offer & Sales,Current Swede Ship official contact page,PASS,,,,"Current CEO/commercial route is appropriate."
Norden Machinery,2026-10-06,Lars Hammarstedt,lars.hammarstedt@nordenmachinery.se,Sales Director,Current Norden official contact page,PASS,,,,"Current director-level sales route is appropriate based on current evidence."
NCAB Group,2026-10-05,Howard Goff,howard.goff@ncabgroup.com,Chief Commercial Officer,Current NCAB official leadership page,PASS,,,,"Current C-level commercial route is appropriate."
Marine Jet Power,2026-10-05,Robert Magnusson,robert.magnusson@marinejetpower.com,Global Director of Sales,Current Marine Jet Power official leadership/contact page,PASS,,,,"Current global-sales leadership route is appropriate."
Care of Sweden,2026-10-05,Angelica Mänd Lantz,angelica.mand-lantz@careofsweden.se,Chief Commercial Officer,Current Care of Sweden official management page,PASS,,,,"Current C-level commercial route is appropriate."
Nordomatic,2026-10-05,Robert Hemmerdinger,Robert.Hemmerdinger@nordomatic.com,Chief Commercial Officer,Current Nordomatic official leadership page,PASS,,,,"Current C-level commercial route is appropriate."
Vitas Group,2026-10-05,Rebecka Spånberg,rebecka.spanberg@vitasgroup.se,CEO,Current Vitas Group official site,PASS,,,,"Current CEO route is appropriate."
First Class Brands of Sweden,2026-10-05,Martin Szepczynski,ms@fcbsweden.se,CCO / Innovation,Current 2026 First Class Brands recruitment material,PASS,,,,"Current C-level commercial title is supported by current recruitment material."
Tapflo Sweden,2026-09-18,Patrik Johansson,patrik.johansson@tapflo.com,Försäljningschef / Sales Manager,Current Tapflo Sweden official contact page,RECIPIENT_BELOW_V6_DEFAULT_HIERARCHY,Per Antonsson,Chief Executive Officer - Tapflo Group,per.antonsson@tapflo.com,"Historical send remains valid. Record Per Antonsson as stronger current senior route for any future contact; no duplicate resend without Andrew approval."
Transportören AB,2026-09-18,Erik Söderström,erik.soderstrom@transportoren.se,"Affärsutveckling, Marknadschef / Business Development, Marketing Director",Current Transportören official contact page,RECIPIENT_NOT_STRONGEST_UNDER_V6,Niclas Berndtson,CEO / Managing Director,niclas.berndtson@transportoren.se,"Historical send remains valid. Current site also identifies Maria Dahlqvist as Sales Director; CEO Niclas Berndtson is the stronger final escalation route for a speculative senior hire. No duplicate resend without Andrew approval."
360Player,2026-08-05,Leo Usberg,leo@360player.com,Nordic Manager / Head of Nordics,Current/recent 360Player company material,RECIPIENT_REGIONAL_NOT_STRONGEST,Mats Kraitsik,Founder & CEO,mats@360player.com,"Historical send remains valid. Current company site identifies Mats Kraitsik as Founder & CEO and Olof Samuelson as Head of Global Partnerships. Do not duplicate outreach without Andrew approval."
Cinode,2026-10-08,Anders Hagberg,anders.hagberg@cinode.com,Senior sales/commercial leader,Current company evidence,V7_INVALID_RECIPIENT,,,,"Draft deleted on 8 Oct 2026 after Andrew's CEO/COO-only correction. Do not recreate to any sales/commercial leader."
Signifikant,2026-10-08,Karishma Rao,karishma.rao@signifikant.se,"VP, Sales and Marketing",Current company evidence,V7_INVALID_RECIPIENT,,,,"Current Gmail shows the message is scheduled, not sent. Under V7 this recipient is invalid because she occupies the sales/commercial seat Andrew could plausibly fill. Do not create any further Signifikant outreach to a sales/commercial leader."
